{"validation_loss": 0.0003504334376898293, "validation_accuracy": 95.84569732937686}