{"validation_loss": 0.00011144336368280632, "validation_accuracy": 99.10979228486647}