{"validation_loss": 0.0003411851668570091, "validation_accuracy": 96.73590504451039}