{"validation_loss": 0.00018213595365911987, "validation_accuracy": 97.3293768545994}